"","objectid","district_name","district_code","6_14_yrs_out_of_school","6_14_yrs_in_private_school","std_1_2_who_can_read_letters_word_more","std_1_2_who_can_recognize_no.s_or_more","std_3_5_who_can_do_subtraction_or_more","std_3_5_who_can_do_read_std1_texts_or_more","single_classroom_primary_schl","single_teacher_primary_schl","primary_school_with_girls_toilet","primary_school_with_boys_toilet","primary_school_with_Drinking_water_facility","gov_primary_school_providing_midDay_meal","gov_primary_school_with_school_managment_committee","TransitionRate_primary_to_UpperPrimary","Retension_Rate_primaryLevel","pupil_teacher_ratio_at_primary_level","pupil_teacher_ratio_at_upper_primary_level","sc_enrollments_in_primary_school","sc_girls_enrollments_in_primary_school","st_enrollment_in_primary_school","st_girls_enrollment_in_primary_school","year","globalid","st_areashape","st_lengthshape","Rank","Distict","Total_literacy_rate_excluding_0_to_6_age_grp","Male_literacy_rate_excluding_0_to_6_age_grp","Female_literacy_rate_excluding_0_to_6_age_grp"
"1",1,"Jamtara",363,3.5,6.9,70.7,77.5,37.6,38.2,2.2,25.1,62.65,68,97.8,99.2,78.7,79.3,54.3,32,42,10.4,48.2,33.3,48.5,"2012-13","{A4D05BAD-A88A-4B89-8532-3216D0C0C10C}",2353757567.30734,339735.191757862,16,"Jamtara",63.73,76.85,50.08
"2",2,"Saraikela-Kharsawan",369,2.6,5.1,68.8,71.1,59.2,42.1,1.9,4.4,82.02,74,83,99.7,91.8,77.7,61.2,28,37,10.2,41.1,41.7,46.9,"2012-13","{7B4D1228-F660-415E-893E-D39288707078}",3130680937.71506,377694.61761581,7,"Serikela Kharsawan",68.85,81.01,56.19
"3",3,"Simdega",367,3.5,26.7,64.4,72.7,57,45,1.5,22.5,73.65,64,86.5,95.2,83.4,78.9,34.1,30,38,9.8,49.3,73.2,49,"2012-13","{09BAF1ED-CBDA-4C75-A374-35508FAAAAF8}",4393976906.15055,391751.4126744,10,"Simdega",67.59,75.84,59.38
"4",4,"Latehar",359,5.6,8.9,68.3,65,39.2,37.7,0.6,16.2,59.73,90,75.6,99.5,86.4,72.3,50.3,36,52,26.4,48.2,48.2,49.3,"2012-13","{0987DB54-625D-4D43-A2AA-D847209D23AA}",4924517267.47632,490782.289826517,20,"Latehar",61.23,71.8,50.26
"5",5,"Khunti",365,4.9,20.8,69.8,69.3,58.5,44.4,1.2,28.1,73.74,70,87.7,98.1,88.7,79.7,NA,28,41,6.8,48.7,76.9,48.9,"2012-13","{6E22FD92-6ABF-47BA-A2B0-8EAEFFAB3212}",3103776308.37475,396310.824244495,15,"Khunti",64.51,75.33,53.71
"6",6,"Pashchimi Singhbhum",368,5.9,7.6,37.9,53.1,25.1,18.4,1.2,34.5,48.33,70,83,98.2,91.6,72.9,43.2,38,47,4.6,47.1,73.3,47.8,"2012-13","{2AF8DED9-DBA1-4F4B-B72C-C04D29DF0AFA}",8480646643.80105,548333.583161683,21,"West Singhbhum",59.54,72.18,47.01
"7",7,"Hazaribagh",360,1.1,34.9,57.5,63.2,50.4,37.2,0.9,6.2,67.08,62,89.8,99.4,83.7,80.6,36.7,37,46,22.6,49.8,10,49.6,"2012-13","{A0738353-097C-480B-8F07-39D3ED77660B}",4949726826.81495,625573.864360055,6,"Hazaribagh",70.48,81.15,59.25
"8",8,"Chatra",347,3.6,13.1,64.7,65.5,39.5,27.8,0.2,9,82.1,75,91.9,99.6,19.8,66.8,56.9,39,NA,39.9,48.4,6.1,47.7,"2012-13","{692736C0-B738-47F9-8693-F6350B612678}",4593570337.55477,470172.196730702,19,"Chatra",62.14,71.85,51.91
"9",9,"Purbi Singhbhum",357,2,15,64.3,77,54,47.7,2.7,19.7,70.26,82,89.5,97.2,98.1,86.9,78.7,25,34,6.7,48.7,33.8,48.5,"2012-13","{0CC499C6-CBE3-4D96-87DD-9705CD0EC0AF}",4206601640.76265,443108.278026231,2,"East Singhbhum",76.13,84.51,67.33
"10",10,"Kodarma",348,0.8,20.6,58.9,63.1,43.3,34,0.7,19.6,70.47,61,79.7,88.5,90.7,80,49.1,41,46,18.9,47.9,1.4,45.6,"2012-13","{8987B410-33EC-413F-B838-B54E647B0633}",2169719352.32048,350430.469983735,8,"Koderma",68.35,81.25,54.77
"11",11,"Giridih",349,3.4,17.5,58.4,65.1,50,38.3,0.4,15.9,99,61,92.4,95.8,86.8,68.6,40.1,41,50,14.9,48.9,14.4,47.8,"2012-13","{D7D1567B-0E64-4AB5-9A87-2C962C52B803}",6211758725.00585,466452.408022411,14,"Giridih",65.12,79.08,50.33
"12",12,"Lohardaga",356,4.4,20.8,52,56.5,48.8,37.5,0,11.5,90.5,53,75.3,100,91,75.2,52.3,30,45,5.1,48.9,62.2,50.4,"2012-13","{EC6F6191-AC46-4B0A-A07A-F910052ABA6A}",2212632627.41666,228657.442283695,9,"Lohardaga",68.29,78.62,57.86
"13",13,"Sahibganj",352,7,6.2,58.2,61.3,44,31.1,2.3,29.9,83.18,82,75.4,93.4,93,75.1,55.9,44,54,6,47.7,30.1,47.3,"2012-13","{DDCE9A6E-424B-4691-9EBC-DBD04345050D}",2595569148.49727,299519.500650395,23,"Sahibganj",53.73,62.65,44.31
"14",14,"Godda",351,5.8,17.6,67.1,70.1,57.8,45.4,3.2,27.9,61.11,42,70.6,99.3,91.4,69.7,69.7,41,55,9.4,47.8,24.4,47,"2012-13","{968CB2EF-0C06-4750-8778-02CD3C7CDEEA}",2810099167.75815,310266.471334195,22,"Godda",57.68,69.56,44.9
"15",15,"Palamu",358,2.5,7.7,60.7,62.4,47,28.5,1.4,15.8,81.14,49,87.4,98.9,79.7,73.2,60.2,46,55,31.9,48.9,13.1,49.1,"2012-13","{41A870D0-6097-43C8-82B2-D2A43E9E0535}",5361920085.27755,482050.129531211,13,"Palamu",65.5,76.27,53.87
"16",16,"Garhwa ",346,4.8,15.1,48.6,55.2,33.6,23,1.3,12.7,87.36,99,100,99.4,86,77.8,49.2,50,55,26.5,48.8,19.8,49.2,"2012-13","{D6B690F6-DA2E-42A9-B0F7-7B1B9F7E1096}",4961116724.90531,418447.473713841,18,"Garhwa",62.18,74,49.43
"17",17,"Ranchi",364,2.4,36.1,68.1,76.7,64.2,38,2.6,22.1,62.11,83,88.3,95.5,85.1,72.5,49.6,29,43,9.8,48.8,43.2,49.7,"2012-13","{053BE2AC-35E5-4FE7-94E7-4E5BD2F2A489}",6077876584.60107,643886.184725164,1,"Ranchi",77.13,85.63,68.2
"18",18,"Dhanbad",354,1.3,15.5,55.8,54.7,45.6,38.4,3.3,16.3,60.35,77,81.7,98.3,91.5,83.9,73.1,43,57,20.1,50.5,11.6,49.5,"2012-13","{FE035785-F75F-4A8B-9E9F-69FBDC7976E2}",2556734429.78074,245449.271766448,3,"Dhanbad",75.71,85.68,64.7
"19",19,"Dumka",362,1.7,5.7,39.8,48.8,42.8,39.3,2.6,25,77.47,87,92.2,98.9,89.7,71.9,51.5,29,41,6.2,48.6,47.4,48.6,"2012-13","{8127ED8B-4B1E-4B0E-81EA-0DDAC9732E61}",4555697364.24811,414572.036874503,17,"Dumka",62.54,75.17,49.6
"20",20,"Bokaro",355,1,12.5,79.1,82.9,50.5,53.6,1.3,17.8,79.11,82,94.9,95.6,97,93.7,64.6,32,41,15.5,48.7,16,49.4,"2012-13","{F03807B4-258F-427D-BB13-AE3C83163EC6}",3444587579.18884,423289.625410917,5,"Bokaro",73.48,84.5,61.46
"21",21,"Deoghar",350,4.7,7.5,45,48.5,37.3,31.1,0.2,22.7,75.35,59,89.3,96.2,89.9,74.1,49,38,86,13.8,48,13.5,49.1,"2012-13","{AAFD54B8-2C20-4054-859D-7885C71F0F63}",2817738771.04085,317981.613660835,12,"Deoghar",66.34,79.13,52.39
"22",22,"Gumla",366,7.6,20.5,59.6,68.9,33.1,26.8,2.3,12,65.39,66,85.3,98.7,94.7,74.6,37.5,29,36,5.7,50,73,49.5,"2012-13","{33A65C21-3C97-466B-B0A0-F992E0687CF4}",6007087087.36147,517187.657165713,11,"Gumla",66.92,76.87,56.97
"23",23,"Ramgarh",361,NA,NA,NA,NA,NA,NA,0.2,16,82.2,62,90.1,91.2,71.6,70.7,NA,35,42,14.8,48.9,27.3,49.2,"2012-13","{040DC59A-D486-4B43-837D-D8344CD56464}",1526017533.66249,334675.148895427,4,"Ramgarh",73.92,83.51,63.49
"24",24,"Pakur",353,14.4,2.1,46.7,49.2,16.8,9.1,4.7,16.1,53.26,81,83,99.2,91.2,70.3,38.9,39,48,3.9,48.3,43.8,48.4,"2012-13","{32ED71A7-8278-44AC-BC38-994E84F0E61D}",2203395317.0785,320714.272869588,24,"Pakur",50.17,59.02,41.23
